capacity,failure_pct_change,routing_improvement_pct,price_of_priority_pct,found_divergent_route,failed_edge_betweenness,failed_edge_utilization
500,-0.0119444587540503,0.0023974901416750033,0.10961290906919499,True,0.0003508809123576667,0.12345408145799823
500,0.16049838006691994,0.003566885812715563,0.17406914861704473,True,0.0005183719772259974,1.016315361415141
500,0.18149582944107284,0.00027850819976717753,0.06477301485296696,True,0.00031559980444898536,0.43063165928385505
500,0.3496540459457963,0.0044127205352355045,0.17995548506979495,True,0.009239716711223676,0.7337776031041262
500,0.005370123276490762,0.0188103027229661,0.18135703731254657,True,0.006312837840472012,0.4210268648547669
500,0.09964027390022949,0.8715631624305772,0.1969650109502739,True,0.0033885017745241366,0.4556945823580444
500,0.0003924418750148273,0.002326558137143315,0.08506638290967755,True,0.00035116706895296974,0.002173482001415465
500,0.09763993279136393,0.00029711360983143063,0.06676681321787811,True,0.003121613762123124,0.4340324665209627
500,0.6988127470217798,0.0026195860635404317,0.07400805610952522,True,0.004230413089055782,0.3760203156366135
500,0.009377270319354473,0.0013845515659699948,0.12926943120640086,True,0.007435202054937215,0.12923411488785347
500,0.08289796533187206,0.026532837594980558,0.19277504204867024,True,0.0009844429722917685,0.5938961276441992
500,0.2868916139465595,3.1986244985862324,0.38669990670159055,True,0.014109482103515354,0.9423702011258094
500,-3.279419593159737e-05,0.002580966955689278,0.13754394895659416,True,0.00975857654598322,0.000812793175395303
500,0.053577945169203826,0.0008267776378235712,0.06576022214820572,True,0.0018070319174312663,0.14839586410177827
500,-0.14443858751923438,0.0019634660560581252,0.15425357878080243,True,0.00035116706895296974,0.4325229182816777
500,0.026166928395269285,0.014601664511098856,0.16366372691022626,True,0.001288593174162923,0.4757796361067275
500,0.021353003485093825,0.002359769567324191,0.2809623202994073,True,0.0019836217865165265,0.09756466887658528
500,0.3427433983694726,0.23245340881893717,0.359730791351211,True,0.0017798679945201987,0.36811404572735035
500,0.1283967024483298,0.0012140373270600573,0.12912252290638376,True,0.0022541660504964557,0.5237471831737298
500,-0.000771314093626557,0.002231818132919678,0.16988218742473593,True,0.0001194142744726676,0.1468476199307962
500,0.11009861033568275,2.628445365261984,0.2890346951398037,True,0.0004593827279107717,0.70110836438755
500,0.08415648048171576,0.02828536210454648,0.1874267334604413,True,9.90792644594248e-05,0.43508758718884666
500,0.23925011945942543,1.0997070235931252,0.09125459851250095,True,0.014946060920904246,1.0226154902599345
500,0.10707292100591258,1.93919483952078e-05,0.07539243062162815,True,0.005995799396827156,0.8744588496476725
500,0.08972140607783706,1.488189472289213,0.14282298393060028,True,0.0006149834252733696,0.43508758718884666
500,0.07350007307442863,0.0027224174838150258,0.11036990955635155,True,0.0003755224204160224,0.5035641366371901
500,0.4299022246159026,0.0016025683680136807,0.12852338653031603,True,0.024187045710676362,0.3097599104808294
500,0.06127824434264977,0.0011780510398632514,0.054841768774247825,True,0.004331760897049377,0.043207020808002754
500,0.039385792204217965,0.009463023839767737,0.12587063590892097,True,0.001263533112290633,0.25887829930140743
500,-0.008559319280438937,0.0002756733525638884,0.1336418420268074,True,0.00018277475994957546,0.05476055271809065
1000,0.03436953995173586,0.0018457257487581311,0.024023820786440435,True,0.0009734500837096451,0.5702523150834524
1000,0.01477847187202296,0.000278769404635917,0.09042754154267973,True,0.002183743433153688,0.35935301414631093
1000,0.03535351767037172,0.0,0.11198792191272083,False,0.0013202496291346121,0.2120088463116484
1000,0.008725740708499777,0.02666856862881182,0.2738236898216905,True,0.0009495901733324724,0.0734238099653981
1000,0.6636039894009436,0.2609283001127046,0.13010796478007142,True,0.004230413089055782,0.18801015781830674
1000,0.29405130756909537,0.0,0.17731784864074987,False,0.02245329614448707,0.40680298428534956
1000,0.022058496028285156,0.03557070661150085,0.7238163916751542,True,0.0021607394807557747,0.18801015781830674
1000,0.5453458868355692,0.0,0.19386953178099267,False,0.004835441123148079,0.4689986065526254
1000,0.02971090264469059,0.0,0.17411739589666522,False,0.00021022799410304687,0.2120088463116484
1000,0.24202483127824492,0.02403888951826089,0.036445175326899185,True,0.004636994986612853,0.43449070149765534
1000,0.040840638167065096,0.0,0.19193824554105757,False,0.0008030908384109595,0.21917487185572782
1000,-0.029637983061599742,0.0,0.1685520375954395,False,0.002183743433153688,0.1480161474459282
1000,0.03693919263473712,0.004210309661135228,0.018929479562269137,True,0.0003124546805494131,0.11949340077752303
1000,0.11070243531070137,0.017021580876520188,0.3588895670684238,True,0.004333254977627515,0.11949340077752303
1000,0.5340727013329165,0.019835518235819125,0.24029893886342502,True,0.001288593174162923,0.251454812958202
1000,0.10384914028495952,0.2224092453157161,0.09062698134438166,True,0.0020500106010493233,0.2567573710681618
1000,0.014402247182059201,0.0004228216077034881,0.3607489157313558,True,0.0022114084380851808,0.2278472911790222
1000,0.07804987741003563,0.0006282149262032975,0.03787593090508228,True,0.00018235336377046615,0.32497755639293346
1000,0.023285997120990182,0.0018385661155998867,0.07276821010980827,True,0.0022444321118080114,0.25501426023742646
1000,0.10323129430814257,0.0,0.17419171084850582,False,0.0020500106010493233,0.2567573710681618
1000,-0.025192867163609113,0.0013456294191268247,0.08407493346885282,True,0.013630048132727958,0.2713629369842017
1000,0.1024800604430744,0.5288012270511394,0.20616634263661954,True,0.0006732283479623155,0.21754379359442333
1000,0.1138120489364746,0.0,0.17560604345891798,False,0.0009734500837096451,0.26304759589192606
1000,0.05019288406271704,0.00039284875999757497,0.026260465197585816,True,0.00013249847568125322,0.2120088463116484
1000,0.1673458854792611,0.0,0.1683601481632256,False,0.006312837840472012,0.40680298428534956
1000,0.08946797872433515,0.0,0.2908630101910534,False,0.00021190516723244523,0.21531582964192753
1000,0.006630935873420457,0.39980617407286256,0.35514288394300114,True,0.0012782170706029294,0.2893032680516953
1000,0.033586219897421096,0.04753278151473956,0.7618392796783304,True,0.0013202496291346121,0.2120088463116484
2000,0.09902380344116245,0.007611535090109529,0.03586957109120493,True,0.007073745669328017,0.09202851143183759
2000,0.12554276601623476,0.0,0.014985489206944523,False,0.001454594761486911,0.12589103415929753
2000,0.1029510214589607,0.0,0.014130405988866957,False,0.0022541660504964557,0.13093679579343245
2000,0.11999548964726395,0.022303006661118945,0.028406167149021493,True,9.90792644594248e-05,0.10877189679721166
2000,0.008942529974569333,0.0,0.01522367047438667,False,0.0017925696132043813,0.03671190498269905
2000,0.10219194645378334,0.0,0.015980711680702985,False,0.0012854146257222502,0.20888110922122885
2000,0.018035128610717703,0.010559718537890018,0.0325703067261981,True,0.00013170328202652182,0.07743997762020735
2000,0.07529393067403652,0.0,0.011529046159996191,False,0.019412559857539768,0.07743997762020735
2000,0.04392489702754933,0.0,0.012013512237419284,False,9.203323189533967e-05,0.1486904188295744
2000,0.04118470023368952,0.010524530669202201,0.032640565201935666,True,0.0008030908384109595,0.10958743592786391
2000,0.02239549503640266,0.0,0.011600586272383558,False,0.001454594761486911,0.12589103415929753
2000,0.0908255065628732,0.0,0.014414429710770497,False,0.004333254977627515,0.059746700388761516
2000,0.6773551860629534,0.022302338836899888,0.02917749884707854,True,0.004230413089055782,0.09400507890915337
2000,0.029860842216642862,0.010657282230271339,0.03260412106366507,True,0.0015567490799432706,0.10765791482096376
2000,0.1987555689022177,0.0,0.014963041195358056,False,0.001288593174162923,0.125727406479101
2000,4.005553161968875,0.007553831024253536,0.03169837565190891,True,0.03845545357830183,0.23715058233129258
2000,0.02731685926811431,0.0,0.015320892954627581,False,0.007073745669328017,0.1283786855340809
2000,0.20487743389280716,0.0,0.01153716524543929,False,0.0015809287532041292,0.125727406479101
2000,0.06720202640914068,0.0076359402497295035,0.11648991021102728,True,0.0005509893560477558,0.052901342268602845
2000,0.07898238427149103,0.0,0.015135653887390818,False,0.004666487168886361,0.1167468774448795
2000,1.210958285355902,0.0,0.014824931451806774,False,0.008470444772025267,0.10877189679721166
2000,0.0135306130989813,0.018989735898419426,0.0320381980298734,True,8.469537279161594e-05,0.07330513540521755
2000,0.0020393604372448628,0.05381280204952596,0.01946506825956335,True,0.0007072668399736162,0.1486904188295744
2000,0.16218468632238986,0.0,0.01501204335658125,False,0.0005183719772259974,0.3699452445539748
2000,0.0503980831172508,0.0077030614412016574,0.05526473224507259,True,0.00013249847568125322,0.1060044231558242
2000,0.16974676601072652,0.010378189078038674,0.027276514611689204,True,0.005995799396827156,0.33908296063477567
2000,0.06866470567895867,0.0,0.018388282679888145,False,0.0006163890762768984,0.37393653638369123
2000,0.040528230262618585,0.0,0.011847199520899994,False,0.00023670357908649726,0.09400507890915337
2000,0.09322028394547044,0.0,0.015013460966106302,False,0.0001528603491904438,0.125727406479101
